periodo,indice,region
2006-12-31 23:00:00,70.93,Andalucía
2007-03-31 22:00:00,73.062,Andalucía
2007-06-30 22:00:00,74.761,Andalucía
2007-09-30 22:00:00,75.789,Andalucía
2007-12-31 23:00:00,75.77,Andalucía
2008-03-31 22:00:00,75.45,Andalucía
2008-06-30 22:00:00,75.552,Andalucía
2008-09-30 22:00:00,73.59,Andalucía
2008-12-31 23:00:00,72.839,Andalucía
2009-03-31 22:00:00,72.939,Andalucía
2009-06-30 22:00:00,72.52,Andalucía
2009-09-30 22:00:00,72.304,Andalucía
2009-12-31 23:00:00,71.644,Andalucía
2010-03-31 22:00:00,72.612,Andalucía
2010-06-30 22:00:00,70.951,Andalucía
2010-09-30 22:00:00,70.808,Andalucía
2010-12-31 23:00:00,68.585,Andalucía
2011-03-31 22:00:00,68.561,Andalucía
2011-06-30 22:00:00,66.94,Andalucía
2011-09-30 22:00:00,64.889,Andalucía
2011-12-31 23:00:00,61.879,Andalucía
2012-03-31 22:00:00,59.565,Andalucía
2012-06-30 22:00:00,58.396,Andalucía
2012-09-30 22:00:00,57.412,Andalucía
2012-12-31 23:00:00,54.312,Andalucía
2013-03-31 22:00:00,53.897,Andalucía
2013-06-30 22:00:00,54.382,Andalucía
2013-09-30 22:00:00,53.8,Andalucía
2013-12-31 23:00:00,53.316,Andalucía
2014-03-31 22:00:00,54.26,Andalucía
2014-06-30 22:00:00,54.407,Andalucía
2014-09-30 22:00:00,54.751,Andalucía
2014-12-31 23:00:00,53.938,Andalucía
2015-03-31 22:00:00,56.15,Andalucía
2015-06-30 22:00:00,56.783,Andalucía
2015-09-30 22:00:00,56.39,Andalucía
2015-12-31 23:00:00,56.881,Andalucía
2016-03-31 22:00:00,57.602,Andalucía
2016-06-30 22:00:00,57.552,Andalucía
2016-09-30 22:00:00,57.569,Andalucía
2016-12-31 23:00:00,58.076,Andalucía
2017-03-31 22:00:00,58.983,Andalucía
2017-06-30 22:00:00,59.674,Andalucía
2017-09-30 22:00:00,60.148,Andalucía
2017-12-31 23:00:00,60.438,Andalucía
2018-03-31 22:00:00,61.785,Andalucía
2018-06-30 22:00:00,62.889,Andalucía
2018-09-30 22:00:00,63.535,Andalucía
2018-12-31 23:00:00,64.023,Andalucía
2019-03-31 22:00:00,65.216,Andalucía
2019-06-30 22:00:00,66.605,Andalucía
2019-09-30 22:00:00,66.17,Andalucía
2019-12-31 23:00:00,66.665,Andalucía
2020-03-31 22:00:00,66.762,Andalucía
2020-06-30 22:00:00,67.435,Andalucía
2020-09-30 22:00:00,67.267,Andalucía
2020-12-31 23:00:00,67.099,Andalucía
2021-03-31 22:00:00,69.143,Andalucía
2021-06-30 22:00:00,71.51,Andalucía
2021-09-30 22:00:00,72.659,Andalucía
2021-12-31 23:00:00,74.402,Andalucía
2022-03-31 22:00:00,76.202,Andalucía
2022-06-30 22:00:00,77.432,Andalucía
2022-09-30 22:00:00,77.353,Andalucía
2022-12-31 23:00:00,77.521,Andalucía
2023-03-31 22:00:00,79.633,Andalucía
2023-06-30 22:00:00,81.928,Andalucía
2023-09-30 22:00:00,81.449,Andalucía
2023-12-31 23:00:00,83.656,Andalucía
2024-03-31 22:00:00,87.224,Andalucía
2024-06-30 22:00:00,90.574,Andalucía
2024-09-30 22:00:00,92.35,Andalucía
2024-12-31 23:00:00,95.365,Andalucía
2025-03-31 22:00:00,99.074,Andalucía
2025-06-30 22:00:00,101.791,Andalucía
2025-09-30 22:00:00,103.77,Andalucía
2025-12-31 23:00:00,108.061,Andalucía
2006-12-31 23:00:00,90.934,Cataluña
2007-03-31 22:00:00,93.675,Cataluña
2007-06-30 22:00:00,93.166,Cataluña
2007-09-30 22:00:00,90.881,Cataluña
2007-12-31 23:00:00,89.832,Cataluña
2008-03-31 22:00:00,88.791,Cataluña
2008-06-30 22:00:00,85.458,Cataluña
2008-09-30 22:00:00,81.561,Cataluña
2008-12-31 23:00:00,77.512,Cataluña
2009-03-31 22:00:00,77.014,Cataluña
2009-06-30 22:00:00,75.899,Cataluña
2009-09-30 22:00:00,75.83,Cataluña
2009-12-31 23:00:00,74.709,Cataluña
2010-03-31 22:00:00,75.487,Cataluña
2010-06-30 22:00:00,74.168,Cataluña
2010-09-30 22:00:00,73.743,Cataluña
2010-12-31 23:00:00,70.63,Cataluña
2011-03-31 22:00:00,69.293,Cataluña
2011-06-30 22:00:00,66.501,Cataluña
2011-09-30 22:00:00,63.191,Cataluña
2011-12-31 23:00:00,60.077,Cataluña
2012-03-31 22:00:00,57.833,Cataluña
2012-06-30 22:00:00,54.924,Cataluña
2012-09-30 22:00:00,54.144,Cataluña
2012-12-31 23:00:00,50.204,Cataluña
2013-03-31 22:00:00,50.094,Cataluña
2013-06-30 22:00:00,50.48,Cataluña
2013-09-30 22:00:00,50.252,Cataluña
2013-12-31 23:00:00,49.99,Cataluña
2014-03-31 22:00:00,50.885,Cataluña
2014-06-30 22:00:00,51.044,Cataluña
2014-09-30 22:00:00,51.368,Cataluña
2014-12-31 23:00:00,50.903,Cataluña
2015-03-31 22:00:00,53.669,Cataluña
2015-06-30 22:00:00,54.15,Cataluña
2015-09-30 22:00:00,54.376,Cataluña
2015-12-31 23:00:00,55.268,Cataluña
2016-03-31 22:00:00,56.626,Cataluña
2016-06-30 22:00:00,57.74,Cataluña
2016-09-30 22:00:00,58.424,Cataluña
2016-12-31 23:00:00,60.119,Cataluña
2017-03-31 22:00:00,61.886,Cataluña
2017-06-30 22:00:00,63.485,Cataluña
2017-09-30 22:00:00,64.387,Cataluña
2017-12-31 23:00:00,65.269,Cataluña
2018-03-31 22:00:00,67.66,Cataluña
2018-06-30 22:00:00,69.239,Cataluña
2018-09-30 22:00:00,69.634,Cataluña
2018-12-31 23:00:00,70.235,Cataluña
2019-03-31 22:00:00,71.169,Cataluña
2019-06-30 22:00:00,72.473,Cataluña
2019-09-30 22:00:00,71.981,Cataluña
2019-12-31 23:00:00,72.464,Cataluña
2020-03-31 22:00:00,72.823,Cataluña
2020-06-30 22:00:00,73.729,Cataluña
2020-09-30 22:00:00,72.699,Cataluña
2020-12-31 23:00:00,73.346,Cataluña
2021-03-31 22:00:00,75.188,Cataluña
2021-06-30 22:00:00,76.151,Cataluña
2021-09-30 22:00:00,77.111,Cataluña
2021-12-31 23:00:00,79.001,Cataluña
2022-03-31 22:00:00,80.612,Cataluña
2022-06-30 22:00:00,82.337,Cataluña
2022-09-30 22:00:00,81.322,Cataluña
2022-12-31 23:00:00,81.755,Cataluña
2023-03-31 22:00:00,83.186,Cataluña
2023-06-30 22:00:00,85.449,Cataluña
2023-09-30 22:00:00,84.193,Cataluña
2023-12-31 23:00:00,86.345,Cataluña
2024-03-31 22:00:00,88.741,Cataluña
2024-06-30 22:00:00,91.222,Cataluña
2024-09-30 22:00:00,92.959,Cataluña
2024-12-31 23:00:00,96.405,Cataluña
2025-03-31 22:00:00,99.027,Cataluña
2025-06-30 22:00:00,101.52,Cataluña
2025-09-30 22:00:00,103.047,Cataluña
2025-12-31 23:00:00,106.491,Cataluña
2006-12-31 23:00:00,81.906,Comunitat Valenciana
2007-03-31 22:00:00,84.789,Comunitat Valenciana
2007-06-30 22:00:00,86.134,Comunitat Valenciana
2007-09-30 22:00:00,87.128,Comunitat Valenciana
2007-12-31 23:00:00,87.531,Comunitat Valenciana
2008-03-31 22:00:00,87.378,Comunitat Valenciana
2008-06-30 22:00:00,86.823,Comunitat Valenciana
2008-09-30 22:00:00,85.257,Comunitat Valenciana
2008-12-31 23:00:00,82.976,Comunitat Valenciana
2009-03-31 22:00:00,82.486,Comunitat Valenciana
2009-06-30 22:00:00,81.513,Comunitat Valenciana
2009-09-30 22:00:00,81.116,Comunitat Valenciana
2009-12-31 23:00:00,79.556,Comunitat Valenciana
2010-03-31 22:00:00,80.855,Comunitat Valenciana
2010-06-30 22:00:00,79.041,Comunitat Valenciana
2010-09-30 22:00:00,78.415,Comunitat Valenciana
2010-12-31 23:00:00,76.046,Comunitat Valenciana
2011-03-31 22:00:00,75.049,Comunitat Valenciana
2011-06-30 22:00:00,72.427,Comunitat Valenciana
2011-09-30 22:00:00,70.769,Comunitat Valenciana
2011-12-31 23:00:00,66.85,Comunitat Valenciana
2012-03-31 22:00:00,64.383,Comunitat Valenciana
2012-06-30 22:00:00,62.26,Comunitat Valenciana
2012-09-30 22:00:00,60.868,Comunitat Valenciana
2012-12-31 23:00:00,58.519,Comunitat Valenciana
2013-03-31 22:00:00,57.445,Comunitat Valenciana
2013-06-30 22:00:00,58.462,Comunitat Valenciana
2013-09-30 22:00:00,56.987,Comunitat Valenciana
2013-12-31 23:00:00,57.024,Comunitat Valenciana
2014-03-31 22:00:00,58.789,Comunitat Valenciana
2014-06-30 22:00:00,59.001,Comunitat Valenciana
2014-09-30 22:00:00,58.555,Comunitat Valenciana
2014-12-31 23:00:00,58.072,Comunitat Valenciana
2015-03-31 22:00:00,60.382,Comunitat Valenciana
2015-06-30 22:00:00,60.219,Comunitat Valenciana
2015-09-30 22:00:00,60.289,Comunitat Valenciana
2015-12-31 23:00:00,61.035,Comunitat Valenciana
2016-03-31 22:00:00,61.481,Comunitat Valenciana
2016-06-30 22:00:00,61.353,Comunitat Valenciana
2016-09-30 22:00:00,61.334,Comunitat Valenciana
2016-12-31 23:00:00,62.179,Comunitat Valenciana
2017-03-31 22:00:00,62.615,Comunitat Valenciana
2017-06-30 22:00:00,63.158,Comunitat Valenciana
2017-09-30 22:00:00,63.878,Comunitat Valenciana
2017-12-31 23:00:00,64.306,Comunitat Valenciana
2018-03-31 22:00:00,65.139,Comunitat Valenciana
2018-06-30 22:00:00,66.11,Comunitat Valenciana
2018-09-30 22:00:00,66.529,Comunitat Valenciana
2018-12-31 23:00:00,66.986,Comunitat Valenciana
2019-03-31 22:00:00,68.229,Comunitat Valenciana
2019-06-30 22:00:00,68.896,Comunitat Valenciana
2019-09-30 22:00:00,69.038,Comunitat Valenciana
2019-12-31 23:00:00,69.334,Comunitat Valenciana
2020-03-31 22:00:00,69.322,Comunitat Valenciana
2020-06-30 22:00:00,70.301,Comunitat Valenciana
2020-09-30 22:00:00,70.184,Comunitat Valenciana
2020-12-31 23:00:00,70.174,Comunitat Valenciana
2021-03-31 22:00:00,72.314,Comunitat Valenciana
2021-06-30 22:00:00,73.792,Comunitat Valenciana
2021-09-30 22:00:00,74.934,Comunitat Valenciana
2021-12-31 23:00:00,76.447,Comunitat Valenciana
2022-03-31 22:00:00,78.108,Comunitat Valenciana
2022-06-30 22:00:00,78.892,Comunitat Valenciana
2022-09-30 22:00:00,78.722,Comunitat Valenciana
2022-12-31 23:00:00,79.015,Comunitat Valenciana
2023-03-31 22:00:00,80.817,Comunitat Valenciana
2023-06-30 22:00:00,82.904,Comunitat Valenciana
2023-09-30 22:00:00,82.063,Comunitat Valenciana
2023-12-31 23:00:00,84.149,Comunitat Valenciana
2024-03-31 22:00:00,87.789,Comunitat Valenciana
2024-06-30 22:00:00,90.21,Comunitat Valenciana
2024-09-30 22:00:00,92.073,Comunitat Valenciana
2024-12-31 23:00:00,94.511,Comunitat Valenciana
2025-03-31 22:00:00,98.832,Comunitat Valenciana
2025-06-30 22:00:00,102.13,Comunitat Valenciana
2025-09-30 22:00:00,104.528,Comunitat Valenciana
2025-12-31 23:00:00,108.019,Comunitat Valenciana
2006-12-31 23:00:00,78.826,"Madrid, Comunidad de"
2007-03-31 22:00:00,80.551,"Madrid, Comunidad de"
2007-06-30 22:00:00,80.849,"Madrid, Comunidad de"
2007-09-30 22:00:00,77.466,"Madrid, Comunidad de"
2007-12-31 23:00:00,76.659,"Madrid, Comunidad de"
2008-03-31 22:00:00,76.709,"Madrid, Comunidad de"
2008-06-30 22:00:00,75.179,"Madrid, Comunidad de"
2008-09-30 22:00:00,71.179,"Madrid, Comunidad de"
2008-12-31 23:00:00,68.085,"Madrid, Comunidad de"
2009-03-31 22:00:00,67.205,"Madrid, Comunidad de"
2009-06-30 22:00:00,66.909,"Madrid, Comunidad de"
2009-09-30 22:00:00,66.488,"Madrid, Comunidad de"
2009-12-31 23:00:00,66.525,"Madrid, Comunidad de"
2010-03-31 22:00:00,68.118,"Madrid, Comunidad de"
2010-06-30 22:00:00,67.497,"Madrid, Comunidad de"
2010-09-30 22:00:00,67.604,"Madrid, Comunidad de"
2010-12-31 23:00:00,64.496,"Madrid, Comunidad de"
2011-03-31 22:00:00,63.298,"Madrid, Comunidad de"
2011-06-30 22:00:00,61.52,"Madrid, Comunidad de"
2011-09-30 22:00:00,57.005,"Madrid, Comunidad de"
2011-12-31 23:00:00,55.307,"Madrid, Comunidad de"
2012-03-31 22:00:00,53.164,"Madrid, Comunidad de"
2012-06-30 22:00:00,50.506,"Madrid, Comunidad de"
2012-09-30 22:00:00,49.555,"Madrid, Comunidad de"
2012-12-31 23:00:00,46.04,"Madrid, Comunidad de"
2013-03-31 22:00:00,46.152,"Madrid, Comunidad de"
2013-06-30 22:00:00,46.371,"Madrid, Comunidad de"
2013-09-30 22:00:00,46.342,"Madrid, Comunidad de"
2013-12-31 23:00:00,46.897,"Madrid, Comunidad de"
2014-03-31 22:00:00,47.394,"Madrid, Comunidad de"
2014-06-30 22:00:00,47.679,"Madrid, Comunidad de"
2014-09-30 22:00:00,47.687,"Madrid, Comunidad de"
2014-12-31 23:00:00,47.981,"Madrid, Comunidad de"
2015-03-31 22:00:00,50.403,"Madrid, Comunidad de"
2015-06-30 22:00:00,50.98,"Madrid, Comunidad de"
2015-09-30 22:00:00,51.177,"Madrid, Comunidad de"
2015-12-31 23:00:00,52.655,"Madrid, Comunidad de"
2016-03-31 22:00:00,54.312,"Madrid, Comunidad de"
2016-06-30 22:00:00,54.963,"Madrid, Comunidad de"
2016-09-30 22:00:00,55.791,"Madrid, Comunidad de"
2016-12-31 23:00:00,58.26,"Madrid, Comunidad de"
2017-03-31 22:00:00,60.215,"Madrid, Comunidad de"
2017-06-30 22:00:00,61.75,"Madrid, Comunidad de"
2017-09-30 22:00:00,62.437,"Madrid, Comunidad de"
2017-12-31 23:00:00,64.175,"Madrid, Comunidad de"
2018-03-31 22:00:00,66.306,"Madrid, Comunidad de"
2018-06-30 22:00:00,68.473,"Madrid, Comunidad de"
2018-09-30 22:00:00,68.417,"Madrid, Comunidad de"
2018-12-31 23:00:00,70.41,"Madrid, Comunidad de"
2019-03-31 22:00:00,70.588,"Madrid, Comunidad de"
2019-06-30 22:00:00,71.625,"Madrid, Comunidad de"
2019-09-30 22:00:00,70.425,"Madrid, Comunidad de"
2019-12-31 23:00:00,72.18,"Madrid, Comunidad de"
2020-03-31 22:00:00,71.758,"Madrid, Comunidad de"
2020-06-30 22:00:00,72.495,"Madrid, Comunidad de"
2020-09-30 22:00:00,71.463,"Madrid, Comunidad de"
2020-12-31 23:00:00,72.159,"Madrid, Comunidad de"
2021-03-31 22:00:00,73.122,"Madrid, Comunidad de"
2021-06-30 22:00:00,74.552,"Madrid, Comunidad de"
2021-09-30 22:00:00,75.376,"Madrid, Comunidad de"
2021-12-31 23:00:00,77.543,"Madrid, Comunidad de"
2022-03-31 22:00:00,78.442,"Madrid, Comunidad de"
2022-06-30 22:00:00,80.228,"Madrid, Comunidad de"
2022-09-30 22:00:00,79.103,"Madrid, Comunidad de"
2022-12-31 23:00:00,79.919,"Madrid, Comunidad de"
2023-03-31 22:00:00,81.641,"Madrid, Comunidad de"
2023-06-30 22:00:00,83.52,"Madrid, Comunidad de"
2023-09-30 22:00:00,82.634,"Madrid, Comunidad de"
2023-12-31 23:00:00,84.621,"Madrid, Comunidad de"
2024-03-31 22:00:00,87.504,"Madrid, Comunidad de"
2024-06-30 22:00:00,89.567,"Madrid, Comunidad de"
2024-09-30 22:00:00,91.164,"Madrid, Comunidad de"
2024-12-31 23:00:00,94.468,"Madrid, Comunidad de"
2025-03-31 22:00:00,99.111,"Madrid, Comunidad de"
2025-06-30 22:00:00,102.306,"Madrid, Comunidad de"
2025-09-30 22:00:00,104.115,"Madrid, Comunidad de"
2025-12-31 23:00:00,107.296,"Madrid, Comunidad de"
2006-12-31 23:00:00,81.118,Nacional
2007-03-31 22:00:00,83.435,Nacional
2007-06-30 22:00:00,84.333,Nacional
2007-09-30 22:00:00,83.733,Nacional
2007-12-31 23:00:00,83.423,Nacional
2008-03-31 22:00:00,83.165,Nacional
2008-06-30 22:00:00,81.784,Nacional
2008-09-30 22:00:00,79.215,Nacional
2008-12-31 23:00:00,77.092,Nacional
2009-03-31 22:00:00,76.753,Nacional
2009-06-30 22:00:00,76.065,Nacional
2009-09-30 22:00:00,75.769,Nacional
2009-12-31 23:00:00,74.832,Nacional
2010-03-31 22:00:00,76.035,Nacional
2010-06-30 22:00:00,74.398,Nacional
2010-09-30 22:00:00,74.327,Nacional
2010-12-31 23:00:00,71.737,Nacional
2011-03-31 22:00:00,70.886,Nacional
2011-06-30 22:00:00,68.897,Nacional
2011-09-30 22:00:00,66.025,Nacional
2011-12-31 23:00:00,62.734,Nacional
2012-03-31 22:00:00,60.691,Nacional
2012-06-30 22:00:00,58.405,Nacional
2012-09-30 22:00:00,57.582,Nacional
2012-12-31 23:00:00,53.788,Nacional
2013-03-31 22:00:00,53.384,Nacional
2013-06-30 22:00:00,53.774,Nacional
2013-09-30 22:00:00,53.09,Nacional
2013-12-31 23:00:00,52.921,Nacional
2014-03-31 22:00:00,53.809,Nacional
2014-06-30 22:00:00,53.919,Nacional
2014-09-30 22:00:00,54.025,Nacional
2014-12-31 23:00:00,53.723,Nacional
2015-03-31 22:00:00,55.967,Nacional
2015-06-30 22:00:00,56.34,Nacional
2015-09-30 22:00:00,56.31,Nacional
2015-12-31 23:00:00,57.128,Nacional
2016-03-31 22:00:00,58.142,Nacional
2016-06-30 22:00:00,58.604,Nacional
2016-09-30 22:00:00,58.836,Nacional
2016-12-31 23:00:00,60.165,Nacional
2017-03-31 22:00:00,61.371,Nacional
2017-06-30 22:00:00,62.501,Nacional
2017-09-30 22:00:00,63.065,Nacional
2017-12-31 23:00:00,63.919,Nacional
2018-03-31 22:00:00,65.558,Nacional
2018-06-30 22:00:00,66.975,Nacional
2018-09-30 22:00:00,67.232,Nacional
2018-12-31 23:00:00,68.235,Nacional
2019-03-31 22:00:00,69.022,Nacional
2019-06-30 22:00:00,70.112,Nacional
2019-09-30 22:00:00,69.659,Nacional
2019-12-31 23:00:00,70.423,Nacional
2020-03-31 22:00:00,70.481,Nacional
2020-06-30 22:00:00,71.29,Nacional
2020-09-30 22:00:00,70.692,Nacional
2020-12-31 23:00:00,71.055,Nacional
2021-03-31 22:00:00,72.781,Nacional
2021-06-30 22:00:00,74.291,Nacional
2021-09-30 22:00:00,75.202,Nacional
2021-12-31 23:00:00,77.119,Nacional
2022-03-31 22:00:00,78.616,Nacional
2022-06-30 22:00:00,79.964,Nacional
2022-09-30 22:00:00,79.301,Nacional
2022-12-31 23:00:00,79.809,Nacional
2023-03-31 22:00:00,81.478,Nacional
2023-06-30 22:00:00,83.529,Nacional
2023-09-30 22:00:00,82.649,Nacional
2023-12-31 23:00:00,84.833,Nacional
2024-03-31 22:00:00,87.87,Nacional
2024-06-30 22:00:00,90.337,Nacional
2024-09-30 22:00:00,91.956,Nacional
2024-12-31 23:00:00,95.215,Nacional
2025-03-31 22:00:00,99.043,Nacional
2025-06-30 22:00:00,101.937,Nacional
2025-09-30 22:00:00,103.805,Nacional
2025-12-31 23:00:00,107.458,Nacional
